No,Data
1,1.8339
2,0.932676
3,1.158646
4,0.521661
5,0.150655
6,0.045185
7,0.349916
8,0.184503
9,0.56011
10,-1.06535
